filename,cluster_id
Cont_N_BadGramm_R_L11_v1.npz,49
Cont_N_BadGramm_R_L11_v2.npz,129
Cont_N_BadGramm_R_L11_v3.npz,15
Cont_N_BadGramm_R_L11_v4.npz,77
Cont_N_BadGramm_R_L11_v5.npz,78
Cont_N_BadGramm_S_L11_v1.npz,53
Cont_N_BadGramm_S_L11_v2.npz,61
Cont_N_BadGramm_S_L11_v3.npz,120
Cont_N_BPE_R_L11_v3.npz,59
Cont_N_Conlang_R_L11_v3.npz,65
Cont_N_Conrandm_R_L11_v2.npz,33
Cont_N_Conrandm_R_L11_v4.npz,156
Cont_N_Conrandm_R_L11_v5.npz,19
Cont_N_EmojiSoup_R_L11_v3.npz,6
Cont_N_Jabberw_R_L11_v3.npz,46
Cont_N_Jabberw_S_L11_v1.npz,73
Cont_N_Jabberw_S_L11_v3.npz,43
Cont_N_Morse_R_L11_v3.npz,55
Cont_N_Morse_S_L11_v1.npz,17
Cont_N_Morse_S_L11_v3.npz,8
Cont_N_NonEng_R_L11_v2.npz,58
Cont_N_NonEng_R_L11_v5.npz,30
Cont_N_NonEng_S_L11_v2.npz,27
Cont_N_NonEng_S_L11_v4.npz,5
Cont_N_NonEng_S_L11_v5.npz,4
Cont_N_NonHumanMix_R_L11_v3.npz,18
Cont_N_NonHumanMix_S_L11_v1.npz,40
Cont_N_NonHumanMix_S_L11_v4.npz,131
Cont_N_OverEmoji_R_L11_v1.npz,36
Cont_N_Overload_R_L11_v1.npz,109
Cont_N_Overload_R_L11_v3.npz,7
Cont_N_Overload_R_L11_v4.npz,41
Cont_N_Overload_R_L11_v5.npz,66
Cont_N_Overload_S_L11_v2.npz,51
Cont_N_Overload_S_L11_v4.npz,111
Cont_N_Overload_S_L11_v5.npz,47
Cont_N_Overtoken_R_L11_v1.npz,22
Cont_N_Overtoken_R_L11_v5.npz,191
Cont_N_Overtoken_S_L11_v1.npz,0
Cont_N_Procbab_R_L11_v2.npz,1
Cont_N_Procbab_R_L11_v3.npz,93
Cont_N_Procbab_R_L11_v4.npz,42
Cont_N_Procbab_R_L11_v5.npz,12
Cont_N_Procbab_S_L11_v2.npz,14
Cont_N_Procbab_S_L11_v4.npz,9
Cont_N_Procbab_S_L11_v5.npz,54
Cont_N_Pseudolang_R_L11_v1.npz,11
Cont_N_SingLang_S_L11_v1.npz,25
Cont_N_SingLang_S_L11_v4.npz,104
Cont_N_SingLang_S_L11_v5.npz,56
Cont_N_SingLangNonHum_S_L11_v2.npz,91
Cont_N_SingLangNonHum_S_L11_v4.npz,62
Cont_N_SingLangNonHum_S_L11_v5.npz,95
Cont_N_SingLangNonHumMix_S_L11_v1.npz,50
Cont_N_SingLangNonHumMix_S_L11_v2.npz,24
Cont_N_SingLangNonHumMix_S_L11_v3.npz,148
Cont_N_SingLangNonHumMix_S_L11_v4.npz,45
Cont_N_SingLangNonHumMix_S_L11_v5.npz,88
Cont_N_StreamNoise_R_L11_v2.npz,249
Cont_N_StreamNoise_R_L11_v4.npz,108
Cont_N_StreamNoise_R_L11_v5.npz,125
Cont_N_StreamNoise_S_L11_v1.npz,75
Cont_N_StreamNoise_S_L11_v2.npz,37
Cont_N_StreamNoise_S_L11_v5.npz,29
Cont_N_SynthUniC_R_L11_v1.npz,38
Cont_N_SynthUniC_R_L11_v3.npz,63
Cont_N_SynthUniC_R_L11_v4.npz,252
Cont_N_SynthUniC_R_L11_v5.npz,251
Cont_N_SynthUniC_S_L11_v2.npz,87
Cont_N_SynthUniC_S_L11_v3.npz,13
Cont_N_SynthUniC_S_L11_v4.npz,64
Cont_N_SynthUniC_S_L11_v5.npz,21
Cont_N_Typobabble_S_L11_v2.npz,110
Cont_N_Zalgo_S_L11_v1.npz,35
Cont_WallfacZ_L11_v1.npz,2
Cont_WallfacZ_L11_v2.npz,122
Cont_WallfacZ_L11_v3.npz,60
Cont_WallfacZ_L11_v4.npz,123
Cont_WallfacZ_L11_v5.npz,23
CtrlPolar_FastSlow_L11_v2.npz,16
CtrlPolar_HappySad_L11_v4.npz,248
CtrlPolar_HotCold_L11_v1.npz,31
CtrlPolar_SimpleComplex_L11_v5.npz,158
DMEAN_Cont_N_Alphabets_R_L11_v1.npz,408
DMEAN_Cont_N_Alphabets_R_L11_v2.npz,460
DMEAN_Cont_N_Alphabets_R_L11_v3.npz,358
DMEAN_Cont_N_Alphabets_R_L11_v4.npz,400
DMEAN_Cont_N_Alphabets_R_L11_v5.npz,489
DMEAN_Cont_N_Alphabets_S_L11_v1.npz,457
DMEAN_Cont_N_Alphabets_S_L11_v2.npz,303
DMEAN_Cont_N_Alphabets_S_L11_v3.npz,353
DMEAN_Cont_N_Alphabets_S_L11_v4.npz,321
DMEAN_Cont_N_Alphabets_S_L11_v5.npz,396
DMEAN_Cont_N_BadGramm_R_L11_v1.npz,49
DMEAN_Cont_N_BadGramm_R_L11_v2.npz,129
DMEAN_Cont_N_BadGramm_R_L11_v3.npz,15
DMEAN_Cont_N_BadGramm_R_L11_v4.npz,77
DMEAN_Cont_N_BadGramm_R_L11_v5.npz,78
DMEAN_Cont_N_BadGramm_S_L11_v1.npz,53
DMEAN_Cont_N_BadGramm_S_L11_v2.npz,61
DMEAN_Cont_N_BadGramm_S_L11_v3.npz,120
DMEAN_Cont_N_BadGramm_S_L11_v4.npz,405
DMEAN_Cont_N_BadGramm_S_L11_v5.npz,473
DMEAN_Cont_N_BPE_R_L11_v1.npz,447
DMEAN_Cont_N_BPE_R_L11_v2.npz,301
DMEAN_Cont_N_BPE_R_L11_v3.npz,59
DMEAN_Cont_N_BPE_R_L11_v4.npz,324
DMEAN_Cont_N_BPE_R_L11_v5.npz,407
DMEAN_Cont_N_BPE_S_L11_v1.npz,424
DMEAN_Cont_N_BPE_S_L11_v2.npz,468
DMEAN_Cont_N_BPE_S_L11_v3.npz,404
DMEAN_Cont_N_BPE_S_L11_v4.npz,399
DMEAN_Cont_N_BPE_S_L11_v5.npz,340
DMEAN_Cont_N_Conlang_R_L11_v1.npz,348
DMEAN_Cont_N_Conlang_R_L11_v2.npz,351
DMEAN_Cont_N_Conlang_R_L11_v3.npz,65
DMEAN_Cont_N_Conlang_R_L11_v4.npz,454
DMEAN_Cont_N_Conlang_R_L11_v5.npz,420
DMEAN_Cont_N_Conlang_S_L11_v1.npz,350
DMEAN_Cont_N_Conlang_S_L11_v2.npz,268
DMEAN_Cont_N_Conlang_S_L11_v3.npz,341
DMEAN_Cont_N_Conlang_S_L11_v4.npz,337
DMEAN_Cont_N_Conlang_S_L11_v5.npz,309
DMEAN_Cont_N_Conrandm_R_L11_v1.npz,323
DMEAN_Cont_N_Conrandm_R_L11_v2.npz,33
DMEAN_Cont_N_Conrandm_R_L11_v3.npz,362
DMEAN_Cont_N_Conrandm_R_L11_v4.npz,156
DMEAN_Cont_N_Conrandm_R_L11_v5.npz,19
DMEAN_Cont_N_Conrandm_S_L11_v1.npz,368
DMEAN_Cont_N_Conrandm_S_L11_v2.npz,296
DMEAN_Cont_N_Conrandm_S_L11_v3.npz,410
DMEAN_Cont_N_Conrandm_S_L11_v4.npz,380
DMEAN_Cont_N_Conrandm_S_L11_v5.npz,276
DMEAN_Cont_N_EmojiSoup_R_L11_v1.npz,347
DMEAN_Cont_N_EmojiSoup_R_L11_v2.npz,294
DMEAN_Cont_N_EmojiSoup_R_L11_v3.npz,6
DMEAN_Cont_N_EmojiSoup_R_L11_v4.npz,459
DMEAN_Cont_N_EmojiSoup_R_L11_v5.npz,501
DMEAN_Cont_N_EmojiSoup_S_L11_v1.npz,435
DMEAN_Cont_N_EmojiSoup_S_L11_v2.npz,402
DMEAN_Cont_N_EmojiSoup_S_L11_v3.npz,444
DMEAN_Cont_N_EmojiSoup_S_L11_v4.npz,441
DMEAN_Cont_N_EmojiSoup_S_L11_v5.npz,445
DMEAN_Cont_N_Jabberw_R_L11_v1.npz,423
DMEAN_Cont_N_Jabberw_R_L11_v2.npz,429
DMEAN_Cont_N_Jabberw_R_L11_v3.npz,46
DMEAN_Cont_N_Jabberw_R_L11_v4.npz,325
DMEAN_Cont_N_Jabberw_R_L11_v5.npz,282
DMEAN_Cont_N_Jabberw_S_L11_v1.npz,73
DMEAN_Cont_N_Jabberw_S_L11_v2.npz,503
DMEAN_Cont_N_Jabberw_S_L11_v3.npz,43
DMEAN_Cont_N_Jabberw_S_L11_v4.npz,417
DMEAN_Cont_N_Jabberw_S_L11_v5.npz,354
DMEAN_Cont_N_Morse_R_L11_v1.npz,432
DMEAN_Cont_N_Morse_R_L11_v2.npz,469
DMEAN_Cont_N_Morse_R_L11_v3.npz,55
DMEAN_Cont_N_Morse_R_L11_v4.npz,443
DMEAN_Cont_N_Morse_R_L11_v5.npz,211
DMEAN_Cont_N_Morse_S_L11_v1.npz,17
DMEAN_Cont_N_Morse_S_L11_v2.npz,344
DMEAN_Cont_N_Morse_S_L11_v3.npz,8
DMEAN_Cont_N_Morse_S_L11_v4.npz,382
DMEAN_Cont_N_Morse_S_L11_v5.npz,401
DMEAN_Cont_N_NonEng_R_L11_v1.npz,439
DMEAN_Cont_N_NonEng_R_L11_v2.npz,58
DMEAN_Cont_N_NonEng_R_L11_v3.npz,430
DMEAN_Cont_N_NonEng_R_L11_v4.npz,488
DMEAN_Cont_N_NonEng_R_L11_v5.npz,30
DMEAN_Cont_N_NonEng_S_L11_v1.npz,475
DMEAN_Cont_N_NonEng_S_L11_v2.npz,27
DMEAN_Cont_N_NonEng_S_L11_v3.npz,339
DMEAN_Cont_N_NonEng_S_L11_v4.npz,5
DMEAN_Cont_N_NonEng_S_L11_v5.npz,4
DMEAN_Cont_N_NonHumanMix_R_L11_v1.npz,378
DMEAN_Cont_N_NonHumanMix_R_L11_v2.npz,308
DMEAN_Cont_N_NonHumanMix_R_L11_v3.npz,18
DMEAN_Cont_N_NonHumanMix_R_L11_v4.npz,502
DMEAN_Cont_N_NonHumanMix_R_L11_v5.npz,335
DMEAN_Cont_N_NonHumanMix_S_L11_v1.npz,40
DMEAN_Cont_N_NonHumanMix_S_L11_v2.npz,418
DMEAN_Cont_N_NonHumanMix_S_L11_v3.npz,422
DMEAN_Cont_N_NonHumanMix_S_L11_v4.npz,131
DMEAN_Cont_N_NonHumanMix_S_L11_v5.npz,384
DMEAN_Cont_N_OverEmoji_R_L11_v1.npz,36
DMEAN_Cont_N_OverEmoji_R_L11_v2.npz,403
DMEAN_Cont_N_OverEmoji_R_L11_v3.npz,208
DMEAN_Cont_N_OverEmoji_R_L11_v4.npz,342
DMEAN_Cont_N_OverEmoji_R_L11_v5.npz,472
DMEAN_Cont_N_OverEmoji_S_L11_v1.npz,491
DMEAN_Cont_N_OverEmoji_S_L11_v2.npz,278
DMEAN_Cont_N_OverEmoji_S_L11_v3.npz,451
DMEAN_Cont_N_OverEmoji_S_L11_v4.npz,277
DMEAN_Cont_N_OverEmoji_S_L11_v5.npz,199
DMEAN_Cont_N_Overload_R_L11_v1.npz,109
DMEAN_Cont_N_Overload_R_L11_v2.npz,161
DMEAN_Cont_N_Overload_R_L11_v3.npz,7
DMEAN_Cont_N_Overload_R_L11_v4.npz,41
DMEAN_Cont_N_Overload_R_L11_v5.npz,66
DMEAN_Cont_N_Overload_S_L11_v1.npz,386
DMEAN_Cont_N_Overload_S_L11_v2.npz,51
DMEAN_Cont_N_Overload_S_L11_v3.npz,373
DMEAN_Cont_N_Overload_S_L11_v4.npz,111
DMEAN_Cont_N_Overload_S_L11_v5.npz,47
DMEAN_Cont_N_Overtoken_R_L11_v1.npz,22
DMEAN_Cont_N_Overtoken_R_L11_v2.npz,375
DMEAN_Cont_N_Overtoken_R_L11_v3.npz,285
DMEAN_Cont_N_Overtoken_R_L11_v4.npz,437
DMEAN_Cont_N_Overtoken_R_L11_v5.npz,191
DMEAN_Cont_N_Overtoken_S_L11_v1.npz,0
DMEAN_Cont_N_Overtoken_S_L11_v2.npz,306
DMEAN_Cont_N_Overtoken_S_L11_v3.npz,414
DMEAN_Cont_N_Overtoken_S_L11_v4.npz,412
DMEAN_Cont_N_Overtoken_S_L11_v5.npz,328
DMEAN_Cont_N_Procbab_R_L11_v1.npz,283
DMEAN_Cont_N_Procbab_R_L11_v2.npz,1
DMEAN_Cont_N_Procbab_R_L11_v3.npz,93
DMEAN_Cont_N_Procbab_R_L11_v4.npz,42
DMEAN_Cont_N_Procbab_R_L11_v5.npz,12
DMEAN_Cont_N_Procbab_S_L11_v1.npz,463
DMEAN_Cont_N_Procbab_S_L11_v2.npz,14
DMEAN_Cont_N_Procbab_S_L11_v3.npz,466
DMEAN_Cont_N_Procbab_S_L11_v4.npz,9
DMEAN_Cont_N_Procbab_S_L11_v5.npz,54
DMEAN_Cont_N_Pseudolang_R_L11_v1.npz,11
DMEAN_Cont_N_Pseudolang_R_L11_v2.npz,250
DMEAN_Cont_N_Pseudolang_R_L11_v3.npz,479
DMEAN_Cont_N_Pseudolang_R_L11_v4.npz,474
DMEAN_Cont_N_Pseudolang_R_L11_v5.npz,478
DMEAN_Cont_N_Pseudolang_S_L11_v1.npz,236
DMEAN_Cont_N_Pseudolang_S_L11_v2.npz,291
DMEAN_Cont_N_Pseudolang_S_L11_v3.npz,329
DMEAN_Cont_N_Pseudolang_S_L11_v4.npz,395
DMEAN_Cont_N_Pseudolang_S_L11_v5.npz,385
DMEAN_Cont_N_SingLang_S_L11_v1.npz,25
DMEAN_Cont_N_SingLang_S_L11_v2.npz,331
DMEAN_Cont_N_SingLang_S_L11_v3.npz,304
DMEAN_Cont_N_SingLang_S_L11_v4.npz,104
DMEAN_Cont_N_SingLang_S_L11_v5.npz,56
DMEAN_Cont_N_SingLangMix_S_L11_v1.npz,387
DMEAN_Cont_N_SingLangMix_S_L11_v2.npz,389
DMEAN_Cont_N_SingLangMix_S_L11_v3.npz,330
DMEAN_Cont_N_SingLangMix_S_L11_v4.npz,390
DMEAN_Cont_N_SingLangMix_S_L11_v5.npz,461
DMEAN_Cont_N_SingLangNonHum_S_L11_v1.npz,361
DMEAN_Cont_N_SingLangNonHum_S_L11_v2.npz,91
DMEAN_Cont_N_SingLangNonHum_S_L11_v3.npz,449
DMEAN_Cont_N_SingLangNonHum_S_L11_v4.npz,62
DMEAN_Cont_N_SingLangNonHum_S_L11_v5.npz,95
DMEAN_Cont_N_SingLangNonHumMix_S_L11_v1.npz,50
DMEAN_Cont_N_SingLangNonHumMix_S_L11_v2.npz,24
DMEAN_Cont_N_SingLangNonHumMix_S_L11_v3.npz,148
DMEAN_Cont_N_SingLangNonHumMix_S_L11_v4.npz,45
DMEAN_Cont_N_SingLangNonHumMix_S_L11_v5.npz,88
DMEAN_Cont_N_StreamNoise_R_L11_v1.npz,470
DMEAN_Cont_N_StreamNoise_R_L11_v2.npz,249
DMEAN_Cont_N_StreamNoise_R_L11_v3.npz,482
DMEAN_Cont_N_StreamNoise_R_L11_v4.npz,108
DMEAN_Cont_N_StreamNoise_R_L11_v5.npz,125
DMEAN_Cont_N_StreamNoise_S_L11_v1.npz,75
DMEAN_Cont_N_StreamNoise_S_L11_v2.npz,37
DMEAN_Cont_N_StreamNoise_S_L11_v3.npz,477
DMEAN_Cont_N_StreamNoise_S_L11_v4.npz,510
DMEAN_Cont_N_StreamNoise_S_L11_v5.npz,29
DMEAN_Cont_N_SynthUniC_R_L11_v1.npz,38
DMEAN_Cont_N_SynthUniC_R_L11_v2.npz,498
DMEAN_Cont_N_SynthUniC_R_L11_v3.npz,63
DMEAN_Cont_N_SynthUniC_R_L11_v4.npz,252
DMEAN_Cont_N_SynthUniC_R_L11_v5.npz,251
DMEAN_Cont_N_SynthUniC_S_L11_v1.npz,508
DMEAN_Cont_N_SynthUniC_S_L11_v2.npz,87
DMEAN_Cont_N_SynthUniC_S_L11_v3.npz,13
DMEAN_Cont_N_SynthUniC_S_L11_v4.npz,64
DMEAN_Cont_N_SynthUniC_S_L11_v5.npz,21
DMEAN_Cont_N_Typobabble_R_L11_v1.npz,452
DMEAN_Cont_N_Typobabble_R_L11_v2.npz,495
DMEAN_Cont_N_Typobabble_R_L11_v3.npz,462
DMEAN_Cont_N_Typobabble_R_L11_v4.npz,490
DMEAN_Cont_N_Typobabble_R_L11_v5.npz,409
DMEAN_Cont_N_Typobabble_S_L11_v1.npz,406
DMEAN_Cont_N_Typobabble_S_L11_v2.npz,110
DMEAN_Cont_N_Typobabble_S_L11_v3.npz,267
DMEAN_Cont_N_Typobabble_S_L11_v4.npz,453
DMEAN_Cont_N_Typobabble_S_L11_v5.npz,393
DMEAN_Cont_N_Zalgo_R_L11_v1.npz,458
DMEAN_Cont_N_Zalgo_R_L11_v2.npz,438
DMEAN_Cont_N_Zalgo_R_L11_v3.npz,365
DMEAN_Cont_N_Zalgo_R_L11_v4.npz,398
DMEAN_Cont_N_Zalgo_R_L11_v5.npz,238
DMEAN_Cont_N_Zalgo_S_L11_v1.npz,35
DMEAN_Cont_N_Zalgo_S_L11_v2.npz,374
DMEAN_Cont_N_Zalgo_S_L11_v3.npz,394
DMEAN_Cont_N_Zalgo_S_L11_v4.npz,428
DMEAN_Cont_N_Zalgo_S_L11_v5.npz,336
DMEAN_Cont_WallfacZ_L11_v1.npz,2
DMEAN_Cont_WallfacZ_L11_v2.npz,122
DMEAN_Cont_WallfacZ_L11_v3.npz,60
DMEAN_Cont_WallfacZ_L11_v4.npz,123
DMEAN_Cont_WallfacZ_L11_v5.npz,23
DMEAN_CtrlPolar_BrightDark_L11_v3.npz,370
DMEAN_CtrlPolar_FastSlow_L11_v2.npz,16
DMEAN_CtrlPolar_HappySad_L11_v4.npz,248
DMEAN_CtrlPolar_HotCold_L11_v1.npz,31
DMEAN_CtrlPolar_SimpleComplex_L11_v5.npz,158
DMEAN_Safe_List_L11_v1.npz,107
DMEAN_Safe_List_L11_v2.npz,505
DMEAN_Safe_List_L11_v3.npz,481
DMEAN_Safe_List_L11_v4.npz,246
DMEAN_Safe_List_L11_v5.npz,28
DMEAN_Safe_Phrase_L11_v1.npz,509
DMEAN_Safe_Phrase_L11_v2.npz,485
DMEAN_Safe_Phrase_L11_v3.npz,230
DMEAN_Safe_Phrase_L11_v4.npz,464
DMEAN_Safe_Phrase_L11_v5.npz,20
DMEAN_Safe_Word_L11_v1.npz,259
DMEAN_Safe_Word_L11_v2.npz,32
DMEAN_Safe_Word_L11_v3.npz,74
DMEAN_Safe_Word_L11_v4.npz,10
DMEAN_Safe_Word_L11_v5.npz,3
DMEAN_Unrelated_AstroBake_L11_v1.npz,124
DMEAN_Unrelated_HistoryBotany_L11_v3.npz,72
DMEAN_Unrelated_MusicGeology_L11_v2.npz,34
DMEAN_Unrelated_OceanLit_L11_v4.npz,175
DMEAN_Unrelated_PhysicsArt_L11_v5.npz,26
DRND_Cont_N_Alphabets_R_L11_v1.npz,369
DRND_Cont_N_Alphabets_R_L11_v2.npz,357
DRND_Cont_N_Alphabets_R_L11_v3.npz,480
DRND_Cont_N_Alphabets_R_L11_v4.npz,312
DRND_Cont_N_Alphabets_R_L11_v5.npz,366
DRND_Cont_N_Alphabets_S_L11_v1.npz,455
DRND_Cont_N_Alphabets_S_L11_v2.npz,367
DRND_Cont_N_Alphabets_S_L11_v3.npz,214
DRND_Cont_N_Alphabets_S_L11_v4.npz,292
DRND_Cont_N_Alphabets_S_L11_v5.npz,496
DRND_Cont_N_BadGramm_R_L11_v1.npz,201
DRND_Cont_N_BadGramm_R_L11_v2.npz,471
DRND_Cont_N_BadGramm_R_L11_v3.npz,371
DRND_Cont_N_BadGramm_R_L11_v4.npz,231
DRND_Cont_N_BadGramm_R_L11_v5.npz,284
DRND_Cont_N_BadGramm_S_L11_v1.npz,446
DRND_Cont_N_BadGramm_S_L11_v2.npz,326
DRND_Cont_N_BadGramm_S_L11_v3.npz,355
DRND_Cont_N_BadGramm_S_L11_v4.npz,200
DRND_Cont_N_BadGramm_S_L11_v5.npz,415
DRND_Cont_N_BPE_R_L11_v1.npz,222
DRND_Cont_N_BPE_R_L11_v2.npz,141
DRND_Cont_N_BPE_R_L11_v3.npz,307
DRND_Cont_N_BPE_R_L11_v4.npz,180
DRND_Cont_N_BPE_R_L11_v5.npz,218
DRND_Cont_N_BPE_S_L11_v1.npz,202
DRND_Cont_N_BPE_S_L11_v2.npz,476
DRND_Cont_N_BPE_S_L11_v3.npz,333
DRND_Cont_N_BPE_S_L11_v4.npz,240
DRND_Cont_N_BPE_S_L11_v5.npz,377
DRND_Cont_N_Conlang_R_L11_v1.npz,100
DRND_Cont_N_Conlang_R_L11_v2.npz,327
DRND_Cont_N_Conlang_R_L11_v3.npz,448
DRND_Cont_N_Conlang_R_L11_v4.npz,379
DRND_Cont_N_Conlang_R_L11_v5.npz,421
DRND_Cont_N_Conlang_S_L11_v1.npz,162
DRND_Cont_N_Conlang_S_L11_v2.npz,228
DRND_Cont_N_Conlang_S_L11_v3.npz,287
DRND_Cont_N_Conlang_S_L11_v4.npz,317
DRND_Cont_N_Conlang_S_L11_v5.npz,314
DRND_Cont_N_Conrandm_R_L11_v1.npz,289
DRND_Cont_N_Conrandm_R_L11_v2.npz,257
DRND_Cont_N_Conrandm_R_L11_v3.npz,388
DRND_Cont_N_Conrandm_R_L11_v4.npz,189
DRND_Cont_N_Conrandm_R_L11_v5.npz,506
DRND_Cont_N_Conrandm_S_L11_v1.npz,178
DRND_Cont_N_Conrandm_S_L11_v2.npz,334
DRND_Cont_N_Conrandm_S_L11_v3.npz,186
DRND_Cont_N_Conrandm_S_L11_v4.npz,270
DRND_Cont_N_Conrandm_S_L11_v5.npz,300
DRND_Cont_N_EmojiSoup_R_L11_v1.npz,383
DRND_Cont_N_EmojiSoup_R_L11_v2.npz,133
DRND_Cont_N_EmojiSoup_R_L11_v3.npz,271
DRND_Cont_N_EmojiSoup_R_L11_v4.npz,397
DRND_Cont_N_EmojiSoup_R_L11_v5.npz,286
DRND_Cont_N_EmojiSoup_S_L11_v1.npz,272
DRND_Cont_N_EmojiSoup_S_L11_v2.npz,413
DRND_Cont_N_EmojiSoup_S_L11_v3.npz,456
DRND_Cont_N_EmojiSoup_S_L11_v4.npz,497
DRND_Cont_N_EmojiSoup_S_L11_v5.npz,269
DRND_Cont_N_Jabberw_R_L11_v1.npz,188
DRND_Cont_N_Jabberw_R_L11_v2.npz,256
DRND_Cont_N_Jabberw_R_L11_v3.npz,359
DRND_Cont_N_Jabberw_R_L11_v4.npz,204
DRND_Cont_N_Jabberw_R_L11_v5.npz,440
DRND_Cont_N_Jabberw_S_L11_v1.npz,229
DRND_Cont_N_Jabberw_S_L11_v2.npz,467
DRND_Cont_N_Jabberw_S_L11_v3.npz,492
DRND_Cont_N_Jabberw_S_L11_v4.npz,483
DRND_Cont_N_Jabberw_S_L11_v5.npz,142
DRND_Cont_N_Morse_R_L11_v1.npz,425
DRND_Cont_N_Morse_R_L11_v2.npz,280
DRND_Cont_N_Morse_R_L11_v3.npz,258
DRND_Cont_N_Morse_R_L11_v4.npz,338
DRND_Cont_N_Morse_R_L11_v5.npz,322
DRND_Cont_N_Morse_S_L11_v1.npz,364
DRND_Cont_N_Morse_S_L11_v2.npz,442
DRND_Cont_N_Morse_S_L11_v3.npz,262
DRND_Cont_N_Morse_S_L11_v4.npz,450
DRND_Cont_N_Morse_S_L11_v5.npz,170
DRND_Cont_N_NonEng_R_L11_v1.npz,163
DRND_Cont_N_NonEng_R_L11_v2.npz,234
DRND_Cont_N_NonEng_R_L11_v3.npz,275
DRND_Cont_N_NonEng_R_L11_v4.npz,484
DRND_Cont_N_NonEng_R_L11_v5.npz,511
DRND_Cont_N_NonEng_S_L11_v1.npz,194
DRND_Cont_N_NonEng_S_L11_v2.npz,493
DRND_Cont_N_NonEng_S_L11_v3.npz,203
DRND_Cont_N_NonEng_S_L11_v4.npz,381
DRND_Cont_N_NonEng_S_L11_v5.npz,319
DRND_Cont_N_NonHumanMix_R_L11_v1.npz,411
DRND_Cont_N_NonHumanMix_R_L11_v2.npz,273
DRND_Cont_N_NonHumanMix_R_L11_v3.npz,210
DRND_Cont_N_NonHumanMix_R_L11_v4.npz,311
DRND_Cont_N_NonHumanMix_R_L11_v5.npz,265
DRND_Cont_N_NonHumanMix_S_L11_v1.npz,315
DRND_Cont_N_NonHumanMix_S_L11_v2.npz,160
DRND_Cont_N_NonHumanMix_S_L11_v3.npz,298
DRND_Cont_N_NonHumanMix_S_L11_v4.npz,206
DRND_Cont_N_NonHumanMix_S_L11_v5.npz,114
DRND_Cont_N_OverEmoji_R_L11_v1.npz,261
DRND_Cont_N_OverEmoji_R_L11_v2.npz,305
DRND_Cont_N_OverEmoji_R_L11_v3.npz,416
DRND_Cont_N_OverEmoji_R_L11_v4.npz,193
DRND_Cont_N_OverEmoji_R_L11_v5.npz,288
DRND_Cont_N_OverEmoji_S_L11_v1.npz,290
DRND_Cont_N_OverEmoji_S_L11_v2.npz,434
DRND_Cont_N_OverEmoji_S_L11_v3.npz,198
DRND_Cont_N_OverEmoji_S_L11_v4.npz,507
DRND_Cont_N_OverEmoji_S_L11_v5.npz,372
DRND_Cont_N_Overload_R_L11_v1.npz,356
DRND_Cont_N_Overload_R_L11_v2.npz,302
DRND_Cont_N_Overload_R_L11_v3.npz,392
DRND_Cont_N_Overload_R_L11_v4.npz,247
DRND_Cont_N_Overload_R_L11_v5.npz,499
DRND_Cont_N_Overload_S_L11_v1.npz,363
DRND_Cont_N_Overload_S_L11_v2.npz,207
DRND_Cont_N_Overload_S_L11_v3.npz,254
DRND_Cont_N_Overload_S_L11_v4.npz,316
DRND_Cont_N_Overload_S_L11_v5.npz,219
DRND_Cont_N_Overtoken_R_L11_v1.npz,345
DRND_Cont_N_Overtoken_R_L11_v2.npz,313
DRND_Cont_N_Overtoken_R_L11_v3.npz,391
DRND_Cont_N_Overtoken_R_L11_v4.npz,281
DRND_Cont_N_Overtoken_R_L11_v5.npz,225
DRND_Cont_N_Overtoken_S_L11_v1.npz,266
DRND_Cont_N_Overtoken_S_L11_v2.npz,299
DRND_Cont_N_Overtoken_S_L11_v3.npz,205
DRND_Cont_N_Overtoken_S_L11_v4.npz,128
DRND_Cont_N_Overtoken_S_L11_v5.npz,157
DRND_Cont_N_Procbab_R_L11_v1.npz,233
DRND_Cont_N_Procbab_R_L11_v2.npz,169
DRND_Cont_N_Procbab_R_L11_v3.npz,197
DRND_Cont_N_Procbab_R_L11_v4.npz,155
DRND_Cont_N_Procbab_R_L11_v5.npz,427
DRND_Cont_N_Procbab_S_L11_v1.npz,173
DRND_Cont_N_Procbab_S_L11_v2.npz,135
DRND_Cont_N_Procbab_S_L11_v3.npz,116
DRND_Cont_N_Procbab_S_L11_v4.npz,293
DRND_Cont_N_Procbab_S_L11_v5.npz,224
DRND_Cont_N_Pseudolang_R_L11_v1.npz,487
DRND_Cont_N_Pseudolang_R_L11_v2.npz,70
DRND_Cont_N_Pseudolang_R_L11_v3.npz,235
DRND_Cont_N_Pseudolang_R_L11_v4.npz,349
DRND_Cont_N_Pseudolang_R_L11_v5.npz,84
DRND_Cont_N_Pseudolang_S_L11_v1.npz,297
DRND_Cont_N_Pseudolang_S_L11_v2.npz,436
DRND_Cont_N_Pseudolang_S_L11_v3.npz,149
DRND_Cont_N_Pseudolang_S_L11_v4.npz,102
DRND_Cont_N_Pseudolang_S_L11_v5.npz,221
DRND_Cont_N_SingLang_S_L11_v1.npz,196
DRND_Cont_N_SingLang_S_L11_v2.npz,465
DRND_Cont_N_SingLang_S_L11_v3.npz,140
DRND_Cont_N_SingLang_S_L11_v4.npz,263
DRND_Cont_N_SingLang_S_L11_v5.npz,346
DRND_Cont_N_SingLangMix_S_L11_v1.npz,144
DRND_Cont_N_SingLangMix_S_L11_v2.npz,192
DRND_Cont_N_SingLangMix_S_L11_v3.npz,310
DRND_Cont_N_SingLangMix_S_L11_v4.npz,166
DRND_Cont_N_SingLangMix_S_L11_v5.npz,426
DRND_Cont_N_SingLangNonHum_S_L11_v1.npz,274
DRND_Cont_N_SingLangNonHum_S_L11_v2.npz,226
DRND_Cont_N_SingLangNonHum_S_L11_v3.npz,320
DRND_Cont_N_SingLangNonHum_S_L11_v4.npz,182
DRND_Cont_N_SingLangNonHum_S_L11_v5.npz,132
DRND_Cont_N_SingLangNonHumMix_S_L11_v1.npz,213
DRND_Cont_N_SingLangNonHumMix_S_L11_v2.npz,177
DRND_Cont_N_SingLangNonHumMix_S_L11_v3.npz,295
DRND_Cont_N_SingLangNonHumMix_S_L11_v4.npz,243
DRND_Cont_N_SingLangNonHumMix_S_L11_v5.npz,343
DRND_Cont_N_StreamNoise_R_L11_v1.npz,245
DRND_Cont_N_StreamNoise_R_L11_v2.npz,500
DRND_Cont_N_StreamNoise_R_L11_v3.npz,318
DRND_Cont_N_StreamNoise_R_L11_v4.npz,255
DRND_Cont_N_StreamNoise_R_L11_v5.npz,164
DRND_Cont_N_StreamNoise_S_L11_v1.npz,136
DRND_Cont_N_StreamNoise_S_L11_v2.npz,98
DRND_Cont_N_StreamNoise_S_L11_v3.npz,279
DRND_Cont_N_StreamNoise_S_L11_v4.npz,181
DRND_Cont_N_StreamNoise_S_L11_v5.npz,174
DRND_Cont_N_SynthUniC_R_L11_v1.npz,431
DRND_Cont_N_SynthUniC_R_L11_v2.npz,360
DRND_Cont_N_SynthUniC_R_L11_v3.npz,494
DRND_Cont_N_SynthUniC_R_L11_v4.npz,159
DRND_Cont_N_SynthUniC_R_L11_v5.npz,223
DRND_Cont_N_SynthUniC_S_L11_v1.npz,217
DRND_Cont_N_SynthUniC_S_L11_v2.npz,143
DRND_Cont_N_SynthUniC_S_L11_v3.npz,237
DRND_Cont_N_SynthUniC_S_L11_v4.npz,486
DRND_Cont_N_SynthUniC_S_L11_v5.npz,253
DRND_Cont_N_Typobabble_R_L11_v1.npz,179
DRND_Cont_N_Typobabble_R_L11_v2.npz,332
DRND_Cont_N_Typobabble_R_L11_v3.npz,241
DRND_Cont_N_Typobabble_R_L11_v4.npz,152
DRND_Cont_N_Typobabble_R_L11_v5.npz,195
DRND_Cont_N_Typobabble_S_L11_v1.npz,190
DRND_Cont_N_Typobabble_S_L11_v2.npz,103
DRND_Cont_N_Typobabble_S_L11_v3.npz,150
DRND_Cont_N_Typobabble_S_L11_v4.npz,215
DRND_Cont_N_Typobabble_S_L11_v5.npz,172
DRND_Cont_N_Zalgo_R_L11_v1.npz,154
DRND_Cont_N_Zalgo_R_L11_v2.npz,171
DRND_Cont_N_Zalgo_R_L11_v3.npz,167
DRND_Cont_N_Zalgo_R_L11_v4.npz,227
DRND_Cont_N_Zalgo_R_L11_v5.npz,183
DRND_Cont_N_Zalgo_S_L11_v1.npz,90
DRND_Cont_N_Zalgo_S_L11_v2.npz,118
DRND_Cont_N_Zalgo_S_L11_v3.npz,153
DRND_Cont_N_Zalgo_S_L11_v4.npz,137
DRND_Cont_N_Zalgo_S_L11_v5.npz,244
DRND_Cont_WallfacZ_L11_v1.npz,504
DRND_Cont_WallfacZ_L11_v2.npz,130
DRND_Cont_WallfacZ_L11_v3.npz,145
DRND_Cont_WallfacZ_L11_v4.npz,106
DRND_Cont_WallfacZ_L11_v5.npz,212
DRND_CtrlPolar_BrightDark_L11_v3.npz,185
DRND_CtrlPolar_FastSlow_L11_v2.npz,81
DRND_CtrlPolar_HappySad_L11_v4.npz,168
DRND_CtrlPolar_HotCold_L11_v1.npz,184
DRND_CtrlPolar_SimpleComplex_L11_v5.npz,76
DRND_Safe_List_L11_v1.npz,165
DRND_Safe_List_L11_v2.npz,239
DRND_Safe_List_L11_v3.npz,121
DRND_Safe_List_L11_v4.npz,138
DRND_Safe_List_L11_v5.npz,101
DRND_Safe_Phrase_L11_v1.npz,126
DRND_Safe_Phrase_L11_v2.npz,242
DRND_Safe_Phrase_L11_v3.npz,105
DRND_Safe_Phrase_L11_v4.npz,232
DRND_Safe_Phrase_L11_v5.npz,68
DRND_Safe_Word_L11_v1.npz,134
DRND_Safe_Word_L11_v2.npz,376
DRND_Safe_Word_L11_v3.npz,419
DRND_Safe_Word_L11_v4.npz,115
DRND_Safe_Word_L11_v5.npz,79
DRND_Unrelated_AstroBake_L11_v1.npz,117
DRND_Unrelated_HistoryBotany_L11_v3.npz,86
DRND_Unrelated_MusicGeology_L11_v2.npz,433
DRND_Unrelated_OceanLit_L11_v4.npz,146
DRND_Unrelated_PhysicsArt_L11_v5.npz,89
PCA_SafeUnsafe_L11_v1.npz,220
RandOneHot_N1012vN1909_L11_v9.npz,71
RandOneHot_N1174vN80_L11_v5.npz,85
RandOneHot_N1178vN1542_L11_v25.npz,119
RandOneHot_N1193vN2515_L11_v30.npz,80
RandOneHot_N1227vN1753_L11_v17.npz,96
RandOneHot_N1354vN428_L11_v20.npz,127
RandOneHot_N1497vN2123_L11_v6.npz,67
RandOneHot_N1599vN1511_L11_v29.npz,151
RandOneHot_N1689vN2556_L11_v26.npz,264
RandOneHot_N1925vN1818_L11_v7.npz,352
RandOneHot_N2020vN2799_L11_v27.npz,112
RandOneHot_N2100vN2840_L11_v21.npz,99
RandOneHot_N2307vN2531_L11_v15.npz,147
RandOneHot_N2572vN769_L11_v18.npz,187
RandOneHot_N2589vN1847_L11_v28.npz,57
RandOneHot_N2711vN1510_L11_v22.npz,176
RandOneHot_N2744vN2016_L11_v10.npz,113
RandOneHot_N2812vN402_L11_v11.npz,83
RandOneHot_N2838vN1983_L11_v12.npz,92
RandOneHot_N2881vN2530_L11_v3.npz,44
RandOneHot_N2966vN2872_L11_v24.npz,82
RandOneHot_N3019vN189_L11_v13.npz,260
RandOneHot_N3036vN1766_L11_v8.npz,209
RandOneHot_N355vN25_L11_v14.npz,39
RandOneHot_N359vN1621_L11_v2.npz,94
RandOneHot_N378vN2899_L11_v4.npz,139
RandOneHot_N453vN1695_L11_v16.npz,69
RandOneHot_N603vN1626_L11_v23.npz,97
RandOneHot_N690vN1432_L11_v1.npz,216
RandOneHot_N890vN2360_L11_v19.npz,52
Safe_List_L11_v1.npz,107
Safe_List_L11_v4.npz,246
Safe_List_L11_v5.npz,28
Safe_Phrase_L11_v5.npz,20
Safe_Word_L11_v1.npz,48
Safe_Word_L11_v2.npz,32
Safe_Word_L11_v3.npz,74
Safe_Word_L11_v4.npz,10
Safe_Word_L11_v5.npz,3
Unrelated_AstroBake_L11_v1.npz,124
Unrelated_HistoryBotany_L11_v3.npz,72
Unrelated_MusicGeology_L11_v2.npz,34
Unrelated_OceanLit_L11_v4.npz,175
Unrelated_PhysicsArt_L11_v5.npz,26
